Suburb,Postcode,Manager
Darwin,800,Michael Carney
Alice Springs,870,Michael Carney
Alexandria,2015,Jeremy Garcia
Mascot,2020,Jeremy Garcia
Randwick,2031,Jeremy Garcia
Artarmon,2064,Jeremy Garcia
Chatswood,2067,Jeremy Garcia
Narrabeen,2101,Lillian Pruitt
Rydalmere,2116,Lillian Pruitt
Thornleigh,2120,Lillian Pruitt
Ashfield,2131,Lillian Pruitt
Lidcombe,2141,Lillian Pruitt
Castle Hill,2154,Lillian Pruitt
Dural,2158,Lillian Pruitt
Armidale,2350,Claire Bridges
Ballina,2478,Claire Bridges
Lismore,2480,Claire Bridges
Tweed Heads,2485,Claire Bridges
Ulladulla,2539,George Chester
Nowra,2541,George Chester
Campbelltown,2560,George Chester
Fyshwick,2609,George Chester
Belconnen,2617,George Chester
Wagga Wagga,2650,John Gardner
Penrith,2750,John Gardner
Lithgow,2790,John Gardner
Bathurst,2795,John Gardner
Orange,2800,John Gardner
Dubbo,2830,John Gardner
Altona,3018,Brian Hubbard
Werribee,3030,Brian Hubbard
Collingwood,3066,Brian Hubbard
Epping,3076,Brian Hubbard
Nunawading,3131,Rachael Long
Ringwood,3134,Rachael Long
Croydon,3136,Rachael Long
Chadstone,3148,Rachael Long
Dandenong,3175,Rachael Long
Scoresby,3179,Rachael Long
Frankston,3199,Rachael Long
Warrnambool,3280,Jerry Fulton
Ballarat,3353,Jerry Fulton
Horsham,3400,Jerry Fulton
Sunbury,3429,Jerry Fulton
Mildura,3500,Jerry Fulton
Bendigo,3550,Jerry Fulton
Epsom,3551,Jerry Fulton
Shepparton,3630,Owen Pierce
Wodonga,3690,Owen Pierce
Hastings,3915,Owen Pierce
Mornington,3931,Owen Pierce
Cranbourne,3977,Owen Pierce
Toombul,4012,Terri Wright
Stafford,4053,Terri Wright
Indooroopilly,4068,Terri Wright
Underwood,4119,Terri Wright
Southport,4215,Ricky Wilkinson
Burleigh Waters,4220,Ricky Wilkinson
Ipswich,4305,Ricky Wilkinson
North Lakes,4509,Ricky Wilkinson
Caloundra,4551,Shellie Thomas
Maroochydore,4558,Shellie Thomas
Noosaville,4566,Shellie Thomas
Gympie,4570,Shellie Thomas
Hervey Bay,4655,Amber Ward
Gladstone,4680,Amber Ward
Rockhampton,4700,Amber Ward
Yeppoon,4703,Amber Ward
Mackay,4740,Amber Ward
Airlie Beach,4802,Caroline Tucker
Mt Isa,4825,Caroline Tucker
Cairns,4870,Caroline Tucker
Atherton,4883,Caroline Tucker
Woodville,5011,Ray Watson
Marion,5043,Ray Watson
Prospect,5082,Ray Watson
Noarlunga,5168,Ray Watson
Seaford,5169,Ray Watson
Mt Gambier,5290,Alex Nash
Berri,5343,Alex Nash
Port Lincoln,5607,Alex Nash
Claremont,6010,Tom McKenzie
Balcatta,6021,Tom McKenzie
Joondalup,6027,Tom McKenzie
Mindarie,6030,Tom McKenzie
Inglewood,6052,Tom McKenzie
Maddington,6109,Miles Hammond
Harrisdale,6112,Miles Hammond
Bussleton,6280,Miles Hammond
Albany,6330,Miles Hammond
Esperance,6450,John Harper
Geraldton,6530,John Harper
Canarvon,6701,John Harper
Broome,6725,John Harper
Glenorchy,7010,Simone Prior
Rosny Park,7018,Simone Prior
Launceston,7250,Simone Prior
Burnie,7320,Simone Prior
